{
	"version": 1,
	"friendly_name": "ELP 1.3MP USB 2.0 Stereo Camera",
	"usb_product_id": 38736,
	"usb_vendor_id": 1443,
	"device_type": "StereoVideoSource",
	"supported_modes": [
		{
			"mode_name": "640x480(60FPS)",
			"is_frame_mirrored": true,
			"is_buffer_mirrored": true,
			"frame_rate": 60.0,
			"frame_width": 640,
			"frame_height": 480,
			"buffer_format": "MJPG",
			"intrinsics_type": "stereo",
			"hfov": 60.0,
			"vfov": 45.0,
			"zNear": 10.0,
			"zFar": 200.0,
			"left_camera_matrix": [
				697.9107197227819,
				0.0,
				253.93118993999929,
				0.0,
				697.9107197227819,
				38.333404331472717,
				0.0,
				0.0,
				1.0
			],
			"right_camera_matrix": [
				697.9107197227819,
				0.0,
				150.66790851956385,
				0.0,
				697.9107197227819,
				-4.4209951004440619,
				0.0,
				0.0,
				1.0
			],
			"left_distortion_cofficients.k1": -0.2480108519723502,
			"left_distortion_cofficients.k2": -0.18718527831596735,
			"left_distortion_cofficients.k3": 0.1478780085676167,
			"left_distortion_cofficients.p1": 0.0,
			"left_distortion_cofficients.p2": 0.0,
			"right_distortion_cofficients.k1": -0.3106652390551932,
			"right_distortion_cofficients.k2": 0.10730969655612807,
			"right_distortion_cofficients.k3": -0.033731268270381347,
			"right_distortion_cofficients.p1": 0.0,
			"right_distortion_cofficients.p2": 0.0,
			"left_rectification_rotation": [
				0.9988758153367525,
				0.046224961515971958,
				0.010505163881860916,
				-0.04648084111511802,
				0.9985915852983812,
				0.025580797104410817,
				-0.009307896892907522,
				-0.026040328417913446,
				0.9996175590451172
			],
			"right_rectification_rotation": [
				0.9898104831718865,
				-0.0064323878398521139,
				-0.1422456740632716,
				0.0027483698571475225,
				0.9996560729879099,
				-0.02608030294146847,
				0.14236451055710865,
				0.025423613532858954,
				0.9894877391907223
			],
			"left_rectification_projection": [
				626.6889475904168,
				0.0,
				241.70604515075685,
				0.0,
				0.0,
				626.6889475904168,
				-14.245504140853882,
				0.0,
				0.0,
				0.0,
				1.0,
				0.0
			],
			"right_rectification_projection": [
				626.6889475904168,
				0.0,
				241.70604515075685,
				-39408.1200582833,
				0.0,
				626.6889475904168,
				-14.245504140853882,
				0.0,
				0.0,
				0.0,
				1.0,
				0.0
			],
			"rotation_between_cameras": [
				0.9872448926790524,
				0.04479123189539892,
				0.1527784913671389,
				-0.05312665211981772,
				0.9972887665518325,
				0.05091831639070963,
				-0.15008357909400417,
				-0.05838545756279675,
				0.9869478494994133
			],
			"translation_between_cameras": [
				-62.242314158823329,
				0.40448824449349576,
				8.944843566828835
			],
			"essential_matrix": [
				0.4145025490060706,
				-8.944208238995348,
				-0.05624757175054573,
				-0.5107981528847709,
				-3.233395429460345,
				62.79649781257273,
				2.907396817923292,
				-62.091678241542648,
				-3.2310709489983706
			],
			"fundamental_matrix": [
				-0.0000015767063911319926,
				0.00003402244528496942,
				-0.000754498027723598,
				0.0000019430006260830977,
				0.000012299357991674101,
				-0.1676738143056787,
				-0.007472260198639971,
				0.15976611514786102,
				1.0
			],
			"reprojection_matrix": [
				1.0,
				0.0,
				0.0,
				-241.70604515075685,
				0.0,
				1.0,
				0.0,
				14.245504140853882,
				0.0,
				0.0,
				0.0,
				626.6889475904168,
				0.0,
				0.0,
				0.015902533454109578,
				-0.0
			]
		}
	]
}