{
	"version": 1,
	"friendly_name": "Logitech HD Pro Webcam C920 Camera",
	"usb_product_id": 2093,
	"usb_vendor_id": 1133,
	"device_type": "MonoVideoSource",
	"supported_modes": [
		{
			"mode_name": "1920x1080(30FPS)",
			"is_frame_mirrored": false,
			"is_buffer_mirrored": false,
			"frame_rate": 30.0,
			"frame_width": 1920,
			"frame_height": 1080,
			"buffer_format": "MJPG",
			"intrinsics_type": "mono",
			"hfov": 69.69164565732875,
			"vfov": 42.77213402859484,
			"zNear": 0.01,
			"zFar": 200.0,
			"undistorted_camera_matrix": [
				1378.9043800370396,
				0.0,
				0.0,
				0.0,
				1378.9043800370396,
				0.0,
				959.5,
				539.5,
				1.0
			],
			"distorted_camera_matrix": [
				1378.9043800370396,
				0.0,
				0.0,
				0.0,
				1378.9043800370396,
				0.0,
				959.5,
				539.5,
				1.0
			],
			"distortion.k1": 0.10851806975415697,
			"distortion.k2": -0.23789866895537749,
			"distortion.k3": 0.0,
			"distortion.k4": 0.0,
			"distortion.k5": 0.0,
			"distortion.k6": -0.08363044451442577,
			"distortion.p1": 0.0,
			"distortion.p2": 0.0
		},
		{
			"mode_name": "1280x720(30FPS)",
			"is_frame_mirrored": false,
			"is_buffer_mirrored": false,
			"frame_rate": 30.0,
			"frame_width": 1280,
			"frame_height": 720,
			"buffer_format": "MJPG",
			"intrinsics_type": "mono",
			"hfov": 55.261427913080499,
			"vfov": 42.87019919871058,
			"zNear": 0.01,
			"zFar": 200.0,
			"undistorted_camera_matrix": [
				611.3048598196905,
				0.0,
				0.0,
				0.0,
				611.3048598196905,
				0.0,
				319.5,
				239.5,
				1.0
			],
			"distorted_camera_matrix": [
				611.3048598196905,
				0.0,
				0.0,
				0.0,
				611.3048598196905,
				0.0,
				319.5,
				239.5,
				1.0
			],
			"distortion.k1": 0.09440059384405814,
			"distortion.k2": -0.12873711051283527,
			"distortion.k3": 0.0,
			"distortion.k4": 0.0,
			"distortion.k5": 0.0,
			"distortion.k6": 0.19706305876960443,
			"distortion.p1": 0.0,
			"distortion.p2": 0.0
		},
		{
			"mode_name": "640x480(60FPS)",
			"is_frame_mirrored": false,
			"is_buffer_mirrored": false,
			"frame_rate": 60.0,
			"frame_width": 640,
			"frame_height": 480,
			"buffer_format": "MJPG",
			"intrinsics_type": "mono",
			"hfov": 55.261427913080499,
			"vfov": 42.87019919871058,
			"zNear": 0.01,
			"zFar": 200.0,
			"undistorted_camera_matrix": [
				611.3048598196905,
				0.0,
				0.0,
				0.0,
				611.3048598196905,
				0.0,
				319.5,
				239.5,
				1.0
			],
			"distorted_camera_matrix": [
				611.3048598196905,
				0.0,
				0.0,
				0.0,
				611.3048598196905,
				0.0,
				319.5,
				239.5,
				1.0
			],
			"distortion.k1": 0.09440059384405814,
			"distortion.k2": -0.12873711051283527,
			"distortion.k3": 0.0,
			"distortion.k4": 0.0,
			"distortion.k5": 0.0,
			"distortion.k6": 0.19706305876960443,
			"distortion.p1": 0.0,
			"distortion.p2": 0.0
		}
	]
}